code_departement,nom,nb_enfants_2024,nb_interventions_2024,nb_eleves_2024,ratio_2024,nb_enfants_2023,nb_interventions_2023,nb_eleves_2023,ratio_2023,delta_ratio,pct_change
23,Creuse,999,33,4631.0,215.72,168.0,11.0,4714.0,35.64,180.08,505.3
53,Mayenne,3452,116,16933.0,203.86,2515.0,71.0,17532.0,143.45,60.41,42.1
58,Nièvre,1597,8,8944.0,178.56,192.0,11.0,9125.0,21.04,157.52,748.7
2A,Corse-du-Sud,1120,36,7368.0,152.01,864.0,24.0,7298.0,118.39,33.62,28.4
04,Alpes-de-Haute-Provence,1254,41,8665.0,144.72,1311.0,35.0,8864.0,147.9,-3.18,-2.2
71,Saône-et-Loire,3851,148,27913.0,137.96,1726.0,65.0,28467.0,60.63,77.33,127.5
42,Loire,6272,201,45511.0,137.81,6270.0,162.0,46212.0,135.68,2.13,1.6
15,Cantal,826,47,6030.0,136.98,517.0,31.0,6216.0,83.17,53.81,64.7
48,Lozère,469,24,3518.0,133.31,534.0,18.0,3608.0,148.0,-14.69,-9.9
79,Deux-Sèvres,2536,93,19338.0,131.14,2555.0,56.0,19927.0,128.22,2.92,2.3
03,Allier,2020,85,15727.0,128.44,799.0,35.0,16124.0,49.55,78.89,159.2
81,Tarn,2517,67,20131.0,125.03,548.0,11.0,20680.0,26.5,98.53,371.8
02,Aisne,3680,132,29883.0,123.15,2050.0,82.0,30880.0,66.39,56.76,85.5
12,Aveyron,1587,19,12988.0,122.19,223.0,17.0,13251.0,16.83,105.36,626.0
37,Indre-et-Loire,4033,143,33971.0,118.72,2366.0,75.0,34492.0,68.6,50.12,73.1
46,Lot,824,13,7374.0,111.74,770.0,18.0,7487.0,102.84,8.9,8.7
24,Dordogne,2029,34,18374.0,110.43,1823.0,36.0,18857.0,96.67,13.76,14.2
83,Var,6267,171,59485.0,105.35,5453.0,106.0,60039.0,90.82,14.53,16.0
50,Manche,2637,97,25054.0,105.25,2704.0,51.0,25727.0,105.1,0.15,0.1
67,Bas-Rhin,6517,252,63245.0,103.04,4160.0,158.0,64176.0,64.82,38.22,59.0
49,Maine-et-Loire,4893,195,49031.0,99.79,3635.0,150.0,50217.0,72.39,27.4,37.9
16,Charente,1666,73,17018.0,97.9,820.0,38.0,17625.0,46.52,51.38,110.4
44,Loire-Atlantique,8435,300,88981.0,94.8,3764.0,135.0,90473.0,41.6,53.2,127.9
28,Eure-et-Loir,2491,44,26518.0,93.94,2873.0,26.0,27016.0,106.34,-12.4,-11.7
55,Meuse,842,32,8998.0,93.58,606.0,25.0,9328.0,64.97,28.61,44.0
40,Landes,1927,40,21411.0,90.0,1394.0,21.0,21895.0,63.67,26.33,41.4
25,Doubs,2796,93,31235.0,89.51,1759.0,66.0,31686.0,55.51,34.0,61.3
66,Pyrénées-Orientales,2367,64,26864.0,88.11,3020.0,64.0,27299.0,110.63,-22.52,-20.4
35,Ille-et-Vilaine,5540,214,65518.0,84.56,4580.0,161.0,66644.0,68.72,15.84,23.1
07,Ardèche,1426,60,17308.0,82.39,721.0,30.0,17708.0,40.72,41.67,102.3
14,Calvados,2994,119,36438.0,82.17,2113.0,81.0,37377.0,56.53,25.64,45.4
2B,Haute-Corse,641,21,7927.0,80.86,123.0,7.0,7984.0,15.41,65.45,424.7
41,Loir-et-Cher,1370,64,17040.0,80.4,1614.0,68.0,17537.0,92.03,-11.63,-12.6
85,Vendée,2917,125,37631.0,77.52,1971.0,68.0,38748.0,50.87,26.65,52.4
26,Drôme,2351,110,30469.0,77.16,1314.0,50.0,31181.0,42.14,35.02,83.1
06,Alpes-Maritimes,4856,140,63472.0,76.51,1183.0,43.0,63992.0,18.49,58.02,313.8
38,Isère,5887,184,77582.0,75.88,3965.0,125.0,79406.0,49.93,25.95,52.0
52,Haute-Marne,625,26,8238.0,75.87,1196.0,33.0,8569.0,139.57,-63.7,-45.6
43,Haute-Loire,876,37,11697.0,74.89,456.0,23.0,11936.0,38.2,36.69,96.0
86,Vienne,1643,48,22293.0,73.7,2618.0,61.0,22926.0,114.19,-40.49,-35.5
51,Marne,2315,94,31466.0,73.57,1794.0,64.0,32188.0,55.74,17.83,32.0
27,Eure,2664,96,36436.0,73.11,2287.0,87.0,37177.0,61.52,11.59,18.8
64,Pyrénées-Atlantiques,2444,92,34974.0,69.88,2656.0,99.0,35536.0,74.74,-4.86,-6.5
70,Haute-Saône,829,50,12263.0,67.6,614.0,37.0,12624.0,48.64,18.96,39.0
65,Hautes-Pyrénées,716,25,10671.0,67.1,658.0,27.0,10972.0,59.97,7.13,11.9
90,Territoire de Belfort,506,20,7645.0,66.19,318.0,14.0,7762.0,40.97,25.22,61.6
22,Côtes-d'Armor,2067,65,31258.0,66.13,1121.0,47.0,31717.0,35.34,30.79,87.1
05,Hautes-Alpes,467,24,7144.0,65.37,514.0,18.0,7288.0,70.53,-5.16,-7.3
19,Corrèze,701,29,10818.0,64.8,889.0,35.0,11057.0,80.4,-15.6,-19.4
974,La Réunion,4524,98,70290.0,64.36,4251.0,116.0,70601.0,60.21,4.15,6.9
73,Savoie,1543,73,24061.0,64.13,740.0,37.0,24241.0,30.53,33.6,110.1
84,Vaucluse,2218,67,35137.0,63.12,3652.0,51.0,35788.0,102.05,-38.93,-38.1
74,Haute-Savoie,3373,130,53775.0,62.72,4723.0,122.0,53663.0,88.01,-25.29,-28.7
972,Martinique,1165,56,18790.0,62.0,1399.0,58.0,19169.0,72.98,-10.98,-15.0
39,Jura,811,43,13204.0,61.42,890.0,34.0,13618.0,65.35,-3.93,-6.0
45,Loiret,2549,98,41730.0,61.08,2974.0,115.0,42551.0,69.89,-8.81,-12.6
68,Haut-Rhin,2599,120,43023.0,60.41,1601.0,66.0,43593.0,36.73,23.68,64.5
34,Hérault,3924,145,68047.0,57.67,3466.0,134.0,68590.0,50.53,7.14,14.1
91,Essonne,5294,150,96091.0,55.09,4203.0,134.0,95850.0,43.85,11.24,25.6
56,Morbihan,2113,76,40960.0,51.59,2996.0,97.0,41453.0,72.27,-20.68,-28.6
18,Cher,752,32,14873.0,50.56,502.0,22.0,15266.0,32.88,17.68,53.8
08,Ardennes,699,27,13850.0,50.47,374.0,18.0,14316.0,26.12,24.35,93.2
80,Somme,1492,49,29936.0,49.84,1053.0,46.0,30703.0,34.3,15.54,45.3
89,Yonne,858,44,17538.0,48.92,625.0,26.0,18068.0,34.59,14.33,41.4
21,Côte-d'Or,1327,59,27432.0,48.37,1025.0,40.0,27835.0,36.82,11.55,31.4
78,Yvelines,4814,149,99637.0,48.32,3874.0,116.0,100829.0,38.42,9.9,25.8
57,Moselle,2705,58,56748.0,47.67,2239.0,81.0,57996.0,38.61,9.06,23.5
36,Indre,450,16,9746.0,46.17,953.0,17.0,10041.0,94.91,-48.74,-51.4
54,Meurthe-et-Moselle,1709,88,38283.0,44.64,1423.0,79.0,39256.0,36.25,8.39,23.1
17,Charente-Maritime,1392,45,31235.0,44.57,1182.0,48.0,32049.0,36.88,7.69,20.9
63,Puy-de-Dôme,1514,79,34606.0,43.75,1598.0,59.0,34920.0,45.76,-2.01,-4.4
61,Orne,595,27,13600.0,43.75,475.0,18.0,13904.0,34.16,9.59,28.1
33,Gironde,3978,137,92124.0,43.18,3189.0,88.0,93573.0,34.08,9.1,26.7
30,Gard,1844,66,43254.0,42.63,1638.0,51.0,44263.0,37.01,5.62,15.2
29,Finistère,1990,87,46695.0,42.62,1261.0,47.0,47640.0,26.47,16.15,61.0
62,Pas-de-Calais,3632,120,85484.0,42.49,1565.0,57.0,88477.0,17.69,24.8,140.2
88,Vosges,743,31,17576.0,42.27,730.0,34.0,18011.0,40.53,1.74,4.3
92,Hauts-de-Seine,3920,125,93956.0,41.72,2868.0,116.0,94446.0,30.37,11.35,37.4
47,Lot-et-Garonne,703,32,17150.0,40.99,1073.0,22.0,17644.0,60.81,-19.82,-32.6
10,Aube,678,24,16863.0,40.21,548.0,19.0,17315.0,31.65,8.56,27.0
11,Aude,768,24,19225.0,39.95,981.0,28.0,19495.0,50.32,-10.37,-20.6
87,Haute-Vienne,697,34,18019.0,38.68,1620.0,54.0,18435.0,87.88,-49.2,-56.0
31,Haute-Garonne,2974,93,82612.0,36.0,2311.0,70.0,83276.0,27.75,8.25,29.7
93,Seine-Saint-Denis,4071,88,119091.0,34.18,2839.0,62.0,119732.0,23.71,10.47,44.2
76,Seine-Maritime,2480,105,73870.0,33.57,1781.0,76.0,74799.0,23.81,9.76,41.0
32,Gers,290,15,8786.0,33.01,567.0,18.0,9025.0,62.83,-29.82,-47.5
59,Nord,5162,213,159212.0,32.42,4125.0,152.0,163826.0,25.18,7.24,28.8
01,Ain,1375,59,42978.0,31.99,906.0,30.0,43448.0,20.85,11.14,53.4
971,Guadeloupe,716,42,24141.0,29.66,806.0,43.0,25040.0,32.19,-2.53,-7.9
13,Bouches-du-Rhône,3601,121,127263.0,28.3,4602.0,114.0,128562.0,35.8,-7.5,-20.9
72,Sarthe,782,32,31972.0,24.46,939.0,36.0,32957.0,28.49,-4.03,-14.1
95,Val-d'Oise,2353,47,97594.0,24.11,1343.0,36.0,97769.0,13.74,10.37,75.5
94,Val-de-Marne,1994,70,87370.0,22.82,1471.0,53.0,87933.0,16.73,6.09,36.4
09,Ariège,166,7,7351.0,22.58,124.0,4.0,7464.0,16.61,5.97,35.9
60,Oise,967,40,52638.0,18.37,667.0,34.0,53488.0,12.47,5.9,47.3
82,Tarn-et-Garonne,274,9,15075.0,18.18,510.0,13.0,15486.0,32.93,-14.75,-44.8
77,Seine-et-Marne,1372,51,102332.0,13.41,2120.0,64.0,102503.0,20.68,-7.27,-35.2
973,Guyane,400,13,30549.0,13.09,,,,,,
69,Rhône,1271,42,119190.0,10.66,1270.0,48.0,120832.0,10.51,0.15,1.4
976,Mayotte,331,19,41432.0,7.99,158.0,6.0,40310.0,3.92,4.07,103.8
